[{"model": "admin.logentry", "pk": 1, "fields": {"action_time": "2025-06-16T15:10:19.252Z", "user": 1, "content_type": 6, "object_id": "1", "object_repr": "superuser (student)", "action_flag": 2, "change_message": "[{\"changed\": {\"fields\": [\"Username\"]}}]"}}, {"model": "admin.logentry", "pk": 2, "fields": {"action_time": "2025-06-16T21:44:13.961Z", "user": 1, "content_type": 10, "object_id": "1", "object_repr": "Web Development", "action_flag": 1, "change_message": "[{\"added\": {}}]"}}, {"model": "admin.logentry", "pk": 3, "fields": {"action_time": "2025-06-16T21:44:21.204Z", "user": 1, "content_type": 10, "object_id": "2", "object_repr": "AI Fundamentals", "action_flag": 1, "change_message": "[{\"added\": {}}]"}}, {"model": "admin.logentry", "pk": 4, "fields": {"action_time": "2025-06-16T21:44:28.925Z", "user": 1, "content_type": 10, "object_id": "3", "object_repr": "Data Structures", "action_flag": 1, "change_message": "[{\"added\": {}}]"}}, {"model": "admin.logentry", "pk": 5, "fields": {"action_time": "2025-06-16T21:44:35.656Z", "user": 1, "content_type": 10, "object_id": "4", "object_repr": "Databases", "action_flag": 1, "change_message": "[{\"added\": {}}]"}}, {"model": "admin.logentry", "pk": 6, "fields": {"action_time": "2025-06-16T22:00:27.627Z", "user": 1, "content_type": 6, "object_id": "2", "object_repr": "testadmin (admin)", "action_flag": 2, "change_message": "[{\"changed\": {\"fields\": [\"Module\"]}}]"}}, {"model": "admin.logentry", "pk": 7, "fields": {"action_time": "2025-06-16T22:00:33.395Z", "user": 1, "content_type": 6, "object_id": "2", "object_repr": "testadmin (admin)", "action_flag": 2, "change_message": "[]"}}, {"model": "admin.logentry", "pk": 8, "fields": {"action_time": "2025-06-16T22:03:37.995Z", "user": 1, "content_type": 6, "object_id": "3", "object_repr": "testadmin2 (admin)", "action_flag": 2, "change_message": "[{\"changed\": {\"fields\": [\"Module\"]}}]"}}, {"model": "admin.logentry", "pk": 9, "fields": {"action_time": "2025-09-06T02:14:13.418Z", "user": 1, "content_type": 6, "object_id": "2", "object_repr": "testadmin (staff)", "action_flag": 2, "change_message": "[{\"changed\": {\"fields\": [\"Role\"]}}]"}}, {"model": "admin.logentry", "pk": 10, "fields": {"action_time": "2025-09-06T02:14:35.621Z", "user": 1, "content_type": 6, "object_id": "2", "object_repr": "testadmin (staff)", "action_flag": 3, "change_message": ""}}, {"model": "admin.logentry", "pk": 11, "fields": {"action_time": "2025-09-06T02:14:40.636Z", "user": 1, "content_type": 6, "object_id": "3", "object_repr": "testadmin2 (admin)", "action_flag": 3, "change_message": ""}}, {"model": "admin.logentry", "pk": 12, "fields": {"action_time": "2025-09-06T02:15:10.578Z", "user": 1, "content_type": 6, "object_id": "5", "object_repr": "teacher1 (staff)", "action_flag": 2, "change_message": "[{\"changed\": {\"fields\": [\"Role\", \"Module\"]}}]"}}, {"model": "admin.logentry", "pk": 13, "fields": {"action_time": "2025-09-06T02:15:31.054Z", "user": 1, "content_type": 6, "object_id": "6", "object_repr": "teacher2 (staff)", "action_flag": 2, "change_message": "[{\"changed\": {\"fields\": [\"Role\", \"Module\"]}}]"}}, {"model": "admin.logentry", "pk": 14, "fields": {"action_time": "2025-09-06T02:15:41.017Z", "user": 1, "content_type": 6, "object_id": "7", "object_repr": "teacher3 (staff)", "action_flag": 2, "change_message": "[{\"changed\": {\"fields\": [\"Module\"]}}]"}}, {"model": "admin.logentry", "pk": 15, "fields": {"action_time": "2025-09-08T22:23:47.398Z", "user": 1, "content_type": 13, "object_id": "4", "object_repr": "student1 (student)", "action_flag": 2, "change_message": "[{\"changed\": {\"fields\": [\"Module\"]}}]"}}, {"model": "admin.logentry", "pk": 16, "fields": {"action_time": "2025-09-09T00:58:46.240Z", "user": 1, "content_type": 13, "object_id": "4", "object_repr": "student1 (student)", "action_flag": 2, "change_message": "[{\"changed\": {\"fields\": [\"Modules\"]}}]"}}, {"model": "admin.logentry", "pk": 17, "fields": {"action_time": "2025-09-09T00:59:10.520Z", "user": 1, "content_type": 13, "object_id": "8", "object_repr": "student2 (student)", "action_flag": 1, "change_message": "[{\"added\": {}}]"}}, {"model": "admin.logentry", "pk": 18, "fields": {"action_time": "2025-09-09T00:59:22.742Z", "user": 1, "content_type": 13, "object_id": "8", "object_repr": "student2 (student)", "action_flag": 2, "change_message": "[{\"changed\": {\"fields\": [\"Modules\"]}}]"}}, {"model": "admin.logentry", "pk": 19, "fields": {"action_time": "2025-09-09T04:13:42.788Z", "user": 1, "content_type": 10, "object_id": "5", "object_repr": "CS101 — Introduction to Computer Science", "action_flag": 3, "change_message": ""}}, {"model": "admin.logentry", "pk": 20, "fields": {"action_time": "2025-09-09T04:18:59.126Z", "user": 1, "content_type": 14, "object_id": "5", "object_repr": "teacher1 (staff)", "action_flag": 2, "change_message": "[{\"changed\": {\"fields\": [\"Module\"]}}]"}}, {"model": "admin.logentry", "pk": 21, "fields": {"action_time": "2025-09-09T04:19:11.701Z", "user": 1, "content_type": 14, "object_id": "6", "object_repr": "teacher2 (staff)", "action_flag": 2, "change_message": "[{\"changed\": {\"fields\": [\"Module\"]}}]"}}, {"model": "admin.logentry", "pk": 22, "fields": {"action_time": "2025-09-09T04:19:26.697Z", "user": 1, "content_type": 14, "object_id": "7", "object_repr": "teacher3 (staff)", "action_flag": 3, "change_message": ""}}, {"model": "admin.logentry", "pk": 23, "fields": {"action_time": "2025-09-09T04:21:21.352Z", "user": 1, "content_type": 13, "object_id": "1", "object_repr": "superuser (student)", "action_flag": 2, "change_message": "[{\"changed\": {\"fields\": [\"Staff status\", \"Superuser status\", \"Modules\"]}}]"}}, {"model": "admin.logentry", "pk": 24, "fields": {"action_time": "2025-09-09T04:27:40.827Z", "user": 15, "content_type": 13, "object_id": "1", "object_repr": "student3 (student)", "action_flag": 2, "change_message": "[{\"changed\": {\"fields\": [\"Username\"]}}]"}}, {"model": "admin.logentry", "pk": 25, "fields": {"action_time": "2025-09-09T04:28:15.488Z", "user": 15, "content_type": 10, "object_id": "1", "object_repr": "MOD001 — Introduction to Computer Science", "action_flag": 2, "change_message": "[]"}}, {"model": "sessions.session", "pk": "0npyqppfx92rzc7yta29gzl9ly7fglin", "fields": {"session_data": ".eJxVjEEOwiAQRe_C2hAKBYpL956BMDOMVA0kpV0Z765NutDtf-_9l4hpW0vcel7iTOIsBitOvyMkfOS6E7qnemsSW12XGeSuyIN2eW2Un5fD_TsoqZdvHWwyqBmVDwRWjQiU00jaE6IlpsmC9miZkXUwPKEZDBinlDOZlWPx_gA5uzkk:1uvpwE:kKuEWO9lA1YZS11FReRdzEeQek7pA0muWf43fSbS7Q8", "expire_date": "2025-09-23T04:26:38.236Z"}}, {"model": "sessions.session", "pk": "hi2bq1oldv89cyee53ro190ri3awc2wq", "fields": {"session_data": ".eJxVjDsOwjAQBe_iGlnxL3Yo6TmDtd5d4wCypTipEHeHSCmgfTPzXiLCtpa4dV7iTOIstDj9bgnwwXUHdId6axJbXZc5yV2RB-3y2oifl8P9OyjQy7ce0evBqGwtOTLaOWPRBUhgEE02ygErlXnSClLCgUIOE_tRMzjyACjeH93fOH0:1uRIR2:sm9Yf1auCHMDWRNPJd5pmQ8OXv4AJmnOs7dzMmf_hcQ", "expire_date": "2025-06-30T22:36:12.139Z"}}, {"model": "accounts.module", "pk": 1, "fields": {"name": "Introduction to Computer Science", "code": "MOD001"}}, {"model": "accounts.module", "pk": 2, "fields": {"name": "Algorithms", "code": "MOD002"}}, {"model": "accounts.module", "pk": 3, "fields": {"name": "Data Structures", "code": "MOD003"}}, {"model": "accounts.module", "pk": 4, "fields": {"name": "Web Development", "code": "MOD004"}}, {"model": "accounts.customuser", "pk": 1, "fields": {"password": "pbkdf2_sha256$600000$C1SB3YpUmBGBU1PRFmdOMw$WhgEqqgQH39Sq6gMSJ+FHQ8PI5mOHiz7nK/z68YbdG0=", "last_login": "2025-09-09T04:10:38Z", "is_superuser": false, "username": "student3", "first_name": "", "last_name": "", "email": "", "is_staff": false, "is_active": true, "date_joined": "2025-06-16T14:35:44Z", "role": "student", "module": null, "groups": [], "user_permissions": [], "modules": [1, 2, 3, 4]}}, {"model": "accounts.customuser", "pk": 4, "fields": {"password": "pbkdf2_sha256$600000$qLtjQ7pqlLdL0jyTSXJnsF$Es4THVQl7JXntxpeX6It4tmr8K/mhfqbHzeDG/Kuxa4=", "last_login": "2025-09-09T03:33:50.816Z", "is_superuser": false, "username": "student1", "first_name": "", "last_name": "", "email": "", "is_staff": false, "is_active": true, "date_joined": "2025-09-06T00:14:36Z", "role": "student", "module": 1, "groups": [], "user_permissions": [], "modules": [1, 2, 3, 4]}}, {"model": "accounts.customuser", "pk": 5, "fields": {"password": "pbkdf2_sha256$600000$yBBZBak0rVlBvo8HIVU58m$XD2LWuVn6NeEItYGuPyioTntjFFaSjrNspxtpDHk+j0=", "last_login": "2025-09-09T03:36:14Z", "is_superuser": false, "username": "teacher1", "first_name": "", "last_name": "", "email": "", "is_staff": false, "is_active": true, "date_joined": "2025-09-06T00:15:25Z", "role": "staff", "module": 4, "groups": [], "user_permissions": [], "modules": []}}, {"model": "accounts.customuser", "pk": 6, "fields": {"password": "pbkdf2_sha256$600000$fwOywwoKok5GK9ImSGWcF6$6lNTN5nGmlFCZkLiOJ+uNrs6hoNmr3hU4PPM3go6rL8=", "last_login": "2025-09-06T01:50:34Z", "is_superuser": false, "username": "teacher2", "first_name": "", "last_name": "", "email": "", "is_staff": false, "is_active": true, "date_joined": "2025-09-06T01:18:35Z", "role": "staff", "module": 3, "groups": [], "user_permissions": [], "modules": []}}, {"model": "accounts.customuser", "pk": 8, "fields": {"password": "pbkdf2_sha256$600000$1UQy1l7RpsJgDDAcjn8dxT$EtI71LPdJWbXjC1jVY68rCQ6WT5wB1yx5bB4dNV9pzc=", "last_login": null, "is_superuser": false, "username": "student2", "first_name": "", "last_name": "", "email": "", "is_staff": false, "is_active": true, "date_joined": "2025-09-09T00:59:10Z", "role": "student", "module": null, "groups": [], "user_permissions": [], "modules": [1, 2]}}, {"model": "accounts.customuser", "pk": 9, "fields": {"password": "pbkdf2_sha256$600000$NHW6FTLUgOMPbxN4Lw2k5R$grIpuMYBINYzQZKgo1+X6tfn/b3ScZpWvadzAcIClTc=", "last_login": null, "is_superuser": false, "username": "alice", "first_name": "Alice", "last_name": "Nguyen", "email": "alice@example.com", "is_staff": false, "is_active": true, "date_joined": "2025-09-09T04:14:39.494Z", "role": "staff", "module": 1, "groups": [], "user_permissions": [], "modules": []}}, {"model": "accounts.customuser", "pk": 10, "fields": {"password": "pbkdf2_sha256$600000$SusPBlGeyMj2PQpZBkfghW$M/du9a1ICcc/LfWxSMx7HmNX5ECD1Omy0NDu2+myq6g=", "last_login": null, "is_superuser": false, "username": "john", "first_name": "John", "last_name": "Smith", "email": "john@example.com", "is_staff": false, "is_active": true, "date_joined": "2025-09-09T04:14:39.655Z", "role": "staff", "module": 2, "groups": [], "user_permissions": [], "modules": []}}, {"model": "accounts.customuser", "pk": 11, "fields": {"password": "pbkdf2_sha256$600000$ftsYxiOtLOu3WkUbhUMZWN$EWw69XZINu1Ls+sRr2JqUTjNjuLSFTKJf2MaX0B/bB4=", "last_login": null, "is_superuser": false, "username": "bob", "first_name": "Bob", "last_name": "Khan", "email": "bob@example.com", "is_staff": false, "is_active": true, "date_joined": "2025-09-09T04:14:39.808Z", "role": "student", "module": null, "groups": [], "user_permissions": [], "modules": [3]}}, {"model": "accounts.customuser", "pk": 12, "fields": {"password": "pbkdf2_sha256$600000$7RGYKdsteK6KOeoztiDdqD$3tmsXzAM/AWwP69Tm4LSbGan9yiEhMZQi2BsyzY4FT0=", "last_login": null, "is_superuser": false, "username": "maria", "first_name": "Maria", "last_name": "Diaz", "email": "maria@example.com", "is_staff": false, "is_active": true, "date_joined": "2025-09-09T04:14:39.964Z", "role": "student", "module": null, "groups": [], "user_permissions": [], "modules": [1]}}, {"model": "accounts.customuser", "pk": 13, "fields": {"password": "pbkdf2_sha256$600000$QAoi9DXgLhAct8UFhOZlg8$LRILLn6j9DEHS6iiXfjt+SH11LzC7EV+yhMp2267Zfs=", "last_login": null, "is_superuser": false, "username": "li", "first_name": "Li", "last_name": "Wang", "email": "li@example.com", "is_staff": false, "is_active": true, "date_joined": "2025-09-09T04:14:40.118Z", "role": "student", "module": null, "groups": [], "user_permissions": [], "modules": [2]}}, {"model": "accounts.customuser", "pk": 14, "fields": {"password": "pbkdf2_sha256$600000$4DgI7MdAhQdg2Ztbj3F6iG$PMPpN3vniZRJJ6Za9cDj3g0ecefZgcQ9ty427HBullE=", "last_login": null, "is_superuser": false, "username": "sara", "first_name": "Sara", "last_name": "Ali", "email": "sara@example.com", "is_staff": false, "is_active": true, "date_joined": "2025-09-09T04:14:40.275Z", "role": "student", "module": null, "groups": [], "user_permissions": [], "modules": [1]}}, {"model": "accounts.customuser", "pk": 15, "fields": {"password": "pbkdf2_sha256$600000$QvqZ3Rgr9aFS7R7jgFUsy6$Oqvz5yFSkm6n1qiyOJiZ82bXncqr6pdnBxJALgIZsuA=", "last_login": "2025-09-09T04:26:38.235Z", "is_superuser": true, "username": "admin", "first_name": "", "last_name": "", "email": "admin@csss.com", "is_staff": true, "is_active": true, "date_joined": "2025-09-09T04:26:06.332Z", "role": "student", "module": null, "groups": [], "user_permissions": [], "modules": []}}, {"model": "questions.question", "pk": 1, "fields": {"question_text": "Which planet is known as the \"Red Planet\"?", "question_type": "MCQ", "module": 1, "option_a": "Venus", "option_b": "Mars", "option_c": "Venera", "option_d": "Uran", "correct_answer": "b"}}, {"model": "questions.question", "pk": 2, "fields": {"question_text": "Who painted the Mona Lisa?", "question_type": "MCQ", "module": 1, "option_a": "Vincent van Gogh", "option_b": "Pablo Picasso", "option_c": "Leonardo da Vinci", "option_d": "Claude Monet", "correct_answer": "c"}}, {"model": "questions.question", "pk": 3, "fields": {"question_text": "The star sign Aquarius is represented by a tiger", "question_type": "TF", "module": 1, "option_a": null, "option_b": null, "option_c": null, "option_d": null, "correct_answer": "False"}}, {"model": "questions.question", "pk": 4, "fields": {"question_text": "ASOS stands for As Seen On Screen", "question_type": "TF", "module": 1, "option_a": null, "option_b": null, "option_c": null, "option_d": null, "correct_answer": "True"}}, {"model": "questions.question", "pk": 5, "fields": {"question_text": "The ..... film I've ever seen", "question_type": "FILL", "module": 1, "option_a": null, "option_b": null, "option_c": null, "option_d": null, "correct_answer": "worst"}}, {"model": "questions.question", "pk": 6, "fields": {"question_text": "What is the value of 5 squared (5²)?", "question_type": "MCQ", "module": 3, "option_a": "25", "option_b": "10", "option_c": "5", "option_d": "30", "correct_answer": "a"}}, {"model": "exams.exam", "pk": 1, "fields": {"title": "Data Structures Practice Test", "description": "For revision-style practice", "created_at": "2025-06-16T22:30:02.355Z", "is_active": true, "module": 3, "opens_at": null, "closes_at": null, "duration_minutes": 60}}, {"model": "exams.exam", "pk": 2, "fields": {"title": "Data Structures Practice Test", "description": "For revision-style practice", "created_at": "2025-06-16T22:35:47.067Z", "is_active": true, "module": 3, "opens_at": null, "closes_at": null, "duration_minutes": 60}}, {"model": "exams.exam", "pk": 3, "fields": {"title": "Web Development Final Exam", "description": "For end-of-term module test", "created_at": "2025-06-16T22:36:44.137Z", "is_active": true, "module": 1, "opens_at": null, "closes_at": null, "duration_minutes": 60}}, {"model": "exams.exam", "pk": 4, "fields": {"title": "new Exam", "description": "welcome to new exam", "created_at": "2025-09-06T22:11:51.200Z", "is_active": true, "module": 1, "opens_at": null, "closes_at": null, "duration_minutes": 60}}, {"model": "exams.examquestion", "pk": 1, "fields": {"exam": 1, "question": 6}}, {"model": "exams.examquestion", "pk": 2, "fields": {"exam": 2, "question": 6}}, {"model": "exams.examquestion", "pk": 3, "fields": {"exam": 3, "question": 2}}, {"model": "exams.examquestion", "pk": 4, "fields": {"exam": 3, "question": 3}}, {"model": "exams.examquestion", "pk": 5, "fields": {"exam": 3, "question": 4}}, {"model": "exams.examquestion", "pk": 6, "fields": {"exam": 4, "question": 1}}, {"model": "exams.examquestion", "pk": 7, "fields": {"exam": 4, "question": 2}}, {"model": "exams.examquestion", "pk": 8, "fields": {"exam": 4, "question": 3}}, {"model": "exams.examquestion", "pk": 9, "fields": {"exam": 4, "question": 4}}, {"model": "exams.examquestion", "pk": 10, "fields": {"exam": 4, "question": 5}}, {"model": "exams.studentexamattempt", "pk": 1, "fields": {"student": 4, "exam": 3, "started_at": "2025-09-09T01:16:34.382Z", "completed": true, "score": "0.00", "ends_at": "2025-09-09T02:16:34.382Z", "submitted_at": "2025-09-09T01:17:16.214Z"}}, {"model": "exams.studentexamattempt", "pk": 2, "fields": {"student": 4, "exam": 4, "started_at": "2025-09-09T01:17:33.255Z", "completed": true, "score": "0.00", "ends_at": "2025-09-09T02:17:33.255Z", "submitted_at": "2025-09-09T03:34:17.330Z"}}, {"model": "exams.studentexamattempt", "pk": 3, "fields": {"student": 4, "exam": 1, "started_at": "2025-09-09T03:34:46.811Z", "completed": true, "score": "0.00", "ends_at": "2025-09-09T04:34:46.811Z", "submitted_at": "2025-09-09T03:34:59.678Z"}}, {"model": "exams.studentexamattempt", "pk": 4, "fields": {"student": 4, "exam": 2, "started_at": "2025-09-09T03:35:34.872Z", "completed": false, "score": null, "ends_at": "2025-09-09T04:35:34.872Z", "submitted_at": null}}, {"model": "exams.studentanswer", "pk": 1, "fields": {"attempt": 1, "question": 2, "selected_answer": "Leonardo Da Vinchi", "is_correct": false}}, {"model": "exams.studentanswer", "pk": 2, "fields": {"attempt": 1, "question": 3, "selected_answer": "Star", "is_correct": false}}, {"model": "exams.studentanswer", "pk": 3, "fields": {"attempt": 1, "question": 4, "selected_answer": "Yes", "is_correct": false}}, {"model": "exams.studentanswer", "pk": 4, "fields": {"attempt": 3, "question": 6, "selected_answer": "25", "is_correct": false}}]